<?xml version="1.0" encoding="ISO-8859-1"?>
<metadata>
	<idinfo>
		<citation>
			<citeinfo>
				<origin>Oregon Department of Fish and Wildlife</origin>
				<pubdate>01/2010</pubdate>
				<title Sync="TRUE">wmu24poly</title>
				<geoform Sync="TRUE">vector digital data</geoform>
				<onlink>http://nrimp.dfw.state.or.us/DataClearinghouse/default.aspx?p=202&amp;XMLname=805.xml</onlink>
				<ftname Sync="TRUE">wmu24poly</ftname>
			</citeinfo>
		</citation>
		<descript>
			<abstract>Oregon Department of Fish and Wildlife management unit boundaries</abstract>
			<purpose>For the purpose of wildlife management</purpose>
			<supplinf>
Oregon Big Game Regulations provided by Oregon Department of Fish and Wildlife
http://www.dfw.state.or.us/resources/hunting/big_game/regulations/

This spatial data layer was developed based on a variety of sources. Care was taken in the creation of this layer, but it is provided "as is." The Oregon Department of Fish and Wildlife cannot accept any responsibility for errors, omissions, or positional accuracy in the digital data or underlying records. There are no warranties, expressed or implied, including the warranty of merchantability or fitness for a particular purpose, accompanying any of these products.  Notification of any errors would be appreciated please e-mail: miranda.l.wood@state.or.us
</supplinf>
			<langdata Sync="TRUE">en</langdata>
		</descript>
		<timeperd>
			<timeinfo>
				<sngdate>
					<caldate>01/2010</caldate>
				</sngdate>
			</timeinfo>
			<current>publication date</current>
		</timeperd>
		<status>
			<progress>Complete</progress>
			<update>As needed</update>
		</status>
		<spdom>
			<bounding>
				<westbc Sync="TRUE">-124.807339</westbc>
				<eastbc Sync="TRUE">-116.420178</eastbc>
				<northbc Sync="TRUE">46.289081</northbc>
				<southbc Sync="TRUE">41.920020</southbc>
			</bounding>
			<lboundng>
				<leftbc Sync="TRUE">221928.523622</leftbc>
				<rightbc Sync="TRUE">2345049.675197</rightbc>
				<topbc Sync="TRUE">1654740.244751</topbc>
				<bottombc Sync="TRUE">88600.882546</bottombc>
			</lboundng>
		</spdom>
		<keywords>
			<theme>
				<themekt>REQUIRED: Reference to a formally registered thesaurus or a similar authoritative source of theme keywords.</themekt>
				<themekey>wildlife</themekey>
				<themekey>management units</themekey>
			</theme>
		</keywords>
		<accconst>Available publically for download at: http://nrimp.dfw.state.or.us/DataClearinghouse/default.aspx?p=202&amp;XMLname=805.xml</accconst>
		<useconst>Boundaries may not be altered without permission of the Oregon Department of Fish and Wildlife.  </useconst>
		<ptcontac>
			<cntinfo>
				<cntperp>
					<cntper>Miranda Wood</cntper>
					<cntorg>Oregon Department of Fish and Wildlife</cntorg>
				</cntperp>
				<cntpos>GIS Technician</cntpos>
				<cntaddr>
					<addrtype>mailing address</addrtype>
					<address>3406 Cherry Ave NE</address>
					<city>Salem</city>
					<state>OR</state>
					<postal>97302</postal>
					<country>USA</country>
				</cntaddr>
				<cntvoice>503-947-6075</cntvoice>
				<cntemail>miranda.l.wood@state.or.us</cntemail>
			</cntinfo>
		</ptcontac>
		<datacred>Oregon Department of Fish and Wildlife</datacred>
		<native Sync="TRUE">Microsoft Windows XP Version 5.1 (Build 2600) Service Pack 3; ESRI ArcCatalog 9.3.0.1770</native>
		<natvform Sync="TRUE">Shapefile</natvform>
	</idinfo>
	<dataqual>
		<lineage>
			<srcinfo>
				<srcscale>24000</srcscale>
				<typesrc>paper</typesrc>
				<srccontr>Oregon Big Game Regulations textual descriptions; BLM Ground Transportation (public) geodatabase; 2004 ODF Public Land Ownership data; Streamnet Pacific Northwest Hydrography Framework; OR BLM Hydrologic units data</srccontr>
			</srcinfo>
			<procstep>
				<procdesc>Traced lines for each unit from the following data layers: BLM Ground Transportation (public) geodatabase, 2004 ODF Public Land Ownership data, Streamnet Pacific Northwest Hydrography Framework, OR BLM Hydrologic units, to reflect the boundary descriptions provided in the Oregon Big Game Regulation textual descriptions.</procdesc>
				<procdate>01/2007</procdate>
			</procstep>
			<procstep>
				<procdesc>Attributed unit polygons with unit number and unit name.</procdesc>
				<procdate>01/2007</procdate>
			</procstep>
			<procstep>
				<procdesc>Imported layer into geodatabase and added layer to a topology with rules set as follows: must contain no gaps, must not overlap.</procdesc>
				<procdate>01/2007</procdate>
			</procstep>
			<procstep>
				<procdesc>Cleaned up the line data to reflect topology rules.  Fixed polygon errors.</procdesc>
				<procdate>01/2007</procdate>
			</procstep>
			<procstep>
				<procdesc>Created metadata</procdesc>
				<procdate>01/2007</procdate>
			</procstep>
			<procstep>
				<procdesc>Made corrections to the following unit boundaries: Beatys Butte/Juniper, Pine Creek/Keating, Catherine Creek/Minam/Keating, Evans Creek/Applegate, Warm Springs/White River, Desolation/Sumpter, Wilson/Saddle Mountain, Trask.</procdesc>
				<procdate>09/2007</procdate>
				<date Sync="TRUE">20070109</date>
				<time Sync="TRUE">10060600</time>
			</procstep>
			<procstep>
				<procdesc>Proofed all unit boundaries and updated metadata</procdesc>
				<procdate>09/2007</procdate>
			</procstep>
			<procstep>
				<procdesc>Updated Minam/Catherine Creek boundary to reflect new 2008 big game regulation changes.  </procdesc>
				<procdate>01/2008</procdate>
				<date Sync="TRUE">20070920</date>
				<time Sync="TRUE">08455600</time>
			</procstep>
			<procstep><procdesc>Updated Catherine Creek/Keating boundary to reflect new 2010 big game regulation changes.
</procdesc><procdate>01/2010</procdate></procstep><procstep><procdesc>Metadata updated.</procdesc><procdate>01/15/2010</procdate></procstep></lineage>
	</dataqual>
	<spdoinfo>
		<direct Sync="TRUE">Vector</direct>
		<ptvctinf>
			<sdtsterm Name="wmu24poly">
				<sdtstype Sync="TRUE">G-polygon</sdtstype>
				<ptvctcnt Sync="TRUE">69</ptvctcnt>
			</sdtsterm>
			<esriterm Name="wmu24poly">
				<efeatyp Sync="TRUE">Simple</efeatyp>
				<esritopo Sync="TRUE">FALSE</esritopo>
				<linrefer Sync="TRUE">FALSE</linrefer>
				<partTopoRules>
					<topoRuleID Sync="TRUE">1</topoRuleID>
				</partTopoRules>
				<partTopoRules>
					<topoRuleID Sync="TRUE">2</topoRuleID>
				</partTopoRules>
				<spindex Sync="TRUE">TRUE</spindex>
				<topoWeight Sync="TRUE">5.000000</topoWeight>
				<validateEvents Sync="TRUE">FALSE</validateEvents>
				<XYRank Sync="TRUE">1</XYRank>
				<ZRank Sync="TRUE">1</ZRank>
				<efeageom Sync="TRUE">Polygon</efeageom>
				<efeacnt Sync="TRUE">69</efeacnt>
			</esriterm>
		</ptvctinf>
	</spdoinfo>
	<spref>
		<horizsys>
			<planar>
				<planci>
					<plance Sync="TRUE">coordinate pair</plance>
					<coordrep>
						<absres Sync="TRUE">0.000000</absres>
						<ordres Sync="TRUE">0.000000</ordres>
					</coordrep>
					<plandu Sync="TRUE">international feet</plandu>
				</planci>
				<mapproj><mapprojn Sync="TRUE">Lambert Conformal Conic</mapprojn><lambertc><stdparll Sync="TRUE">43.000000</stdparll><stdparll Sync="TRUE">45.500000</stdparll><longcm Sync="TRUE">-120.500000</longcm><latprjo Sync="TRUE">41.750000</latprjo><feast Sync="TRUE">1312335.958000</feast><fnorth Sync="TRUE">0.000000</fnorth></lambertc></mapproj></planar>
			<geodetic>
				<horizdn Sync="TRUE">North American Datum of 1983</horizdn>
				<ellips Sync="TRUE">Geodetic Reference System 80</ellips>
				<semiaxis Sync="TRUE">6378137.000000</semiaxis>
				<denflat Sync="TRUE">298.257222</denflat>
			</geodetic>
			<cordsysn>
				<geogcsn Sync="TRUE">GCS_North_American_1983</geogcsn>
				<projcsn Sync="TRUE">Custom</projcsn>
			</cordsysn>
		</horizsys>
		<vertdef>
			<altsys>
				<altres Sync="TRUE">0.000003</altres>
				<altenc Sync="TRUE">Explicit elevation coordinate included with horizontal coordinates</altenc>
			</altsys>
		</vertdef>
	</spref>
	<eainfo>
		<detailed Name="wmu24poly">
			<enttyp>
				<enttypl Sync="TRUE">wmu24poly</enttypl>
				<enttypd>Wildlife Management units</enttypd>
				<enttypds>Oregon Big Game Regulations</enttypds>
				<enttypc Sync="TRUE">69</enttypc>
				<enttypt Sync="TRUE">Feature Class</enttypt>
			</enttyp>
			<attr><attrlabl Sync="TRUE">FID</attrlabl><attalias Sync="TRUE">FID</attalias><attrtype Sync="TRUE">OID</attrtype><attwidth Sync="TRUE">4</attwidth><atprecis Sync="TRUE">0</atprecis><attscale Sync="TRUE">0</attscale><attrdef Sync="TRUE">Internal feature number.</attrdef><attrdefs Sync="TRUE">ESRI</attrdefs><attrdomv><udom Sync="TRUE">Sequential unique whole numbers that are automatically generated.</udom></attrdomv></attr><attr>
				<attrlabl>Shape</attrlabl>
				<attrdef>Feature geometry.</attrdef>
				<attrdefs>ESRI</attrdefs>
				<attrdomv>
					<udom>Coordinates defining the features.</udom>
				</attrdomv>
				<attalias Sync="TRUE">Shape</attalias><attrtype Sync="TRUE">Geometry</attrtype><attwidth Sync="TRUE">0</attwidth><atprecis Sync="TRUE">0</atprecis><attscale Sync="TRUE">0</attscale></attr>
			<attr>
				<attrlabl>UNIT_NUM</attrlabl>
				<attrdef>Numerical identifier of management unit</attrdef>
				<attrdefs>Oregon Big Game Regulations</attrdefs>
				<attalias Sync="TRUE">UNIT_NUM</attalias><attrtype Sync="TRUE">Number</attrtype><attwidth Sync="TRUE">4</attwidth></attr>
			<attr>
				<attrlabl>Shape_Area</attrlabl>
				<attrdef>Area of feature in internal units squared.</attrdef>
				<attrdefs>ESRI</attrdefs>
				<attrdomv>
					<udom>Positive real numbers that are automatically generated.</udom>
				</attrdomv>
				<attrtype Sync="TRUE">Float</attrtype>
				<attwidth Sync="TRUE">19</attwidth>
				<attalias Sync="TRUE">Shape_Area</attalias><atnumdec Sync="TRUE">11</atnumdec></attr>
			<attr>
				<attrlabl>UNIT_NAME</attrlabl>
				<attrdef>Name of management unit</attrdef>
				<attrdefs>Oregon Big Game Regulations</attrdefs>
				<attrtype Sync="TRUE">String</attrtype>
				<attwidth Sync="TRUE">30</attwidth>
				<attalias Sync="TRUE">UNIT_NAME</attalias></attr>
			<attr>
				<attrlabl Sync="TRUE">REGION</attrlabl>
				<attalias Sync="TRUE">REGION</attalias>
				<attrtype Sync="TRUE">String</attrtype>
				<attwidth Sync="TRUE">20</attwidth>
			</attr>
			<attr><attrlabl Sync="TRUE">Shape_Leng</attrlabl><attalias Sync="TRUE">Shape_Leng</attalias><attrtype Sync="TRUE">Float</attrtype><attwidth Sync="TRUE">19</attwidth><atnumdec Sync="TRUE">11</atnumdec></attr><attr>
				<attrlabl Sync="TRUE">Acres</attrlabl>
				<attalias Sync="TRUE">Acres</attalias>
				<attrtype Sync="TRUE">Float</attrtype>
				<attwidth Sync="TRUE">19</attwidth>
				<atnumdec Sync="TRUE">11</atnumdec></attr>
		</detailed>
	</eainfo>
	<distinfo>
		<resdesc>Downloadable Data - http://nrimp.dfw.state.or.us/nrimp/default.aspx?p=259</resdesc>
		<stdorder>
			<digform>
				<digtinfo>
					<transize Sync="TRUE">8.488</transize>
					<dssize Sync="TRUE">8.488</dssize>
				</digtinfo>
			</digform>
		</stdorder>
	</distinfo>
	<metainfo>
		<metd Sync="TRUE">20100115</metd>
		<metc>
			<cntinfo>
				<cntorgp>
					<cntorg>Oregon Department of Fish and Wildlife</cntorg>
					<cntper>Miranda Wood</cntper>
				</cntorgp>
				<cntpos>GIS Technician</cntpos>
				<cntaddr>
					<addrtype>mailing address</addrtype>
					<address>3406 Cherry Ave NE</address>
					<city>Salem</city>
					<state>OR</state>
					<postal>97302</postal>
				</cntaddr>
				<cntvoice>503-947-6075</cntvoice>
				<cntemail>miranda.l.wood@state.or.us</cntemail>
			</cntinfo>
		</metc>
		<metstdn Sync="TRUE">FGDC Content Standards for Digital Geospatial Metadata</metstdn>
		<metstdv Sync="TRUE">FGDC-STD-001-1998</metstdv>
		<mettc Sync="TRUE">local time</mettc>
		<metextns>
			<onlink>http://www.esri.com/metadata/esriprof80.html</onlink>
			<metprof>ESRI Metadata Profile</metprof>
		</metextns>
		<langmeta Sync="TRUE">en</langmeta>
		<metextns><onlink Sync="TRUE">http://www.esri.com/metadata/esriprof80.html</onlink><metprof Sync="TRUE">ESRI Metadata Profile</metprof></metextns></metainfo>
	<dataIdInfo>
		<envirDesc Sync="TRUE">Microsoft Windows XP Version 5.1 (Build 2600) Service Pack 3; ESRI ArcCatalog 9.3.0.1770</envirDesc>
		<dataLang>
			<languageCode Sync="TRUE" value="en"></languageCode>
		</dataLang>
		<geoBox esriExtentType="decdegrees">
			<westBL Sync="TRUE">-124.807339</westBL>
			<eastBL Sync="TRUE">-116.420178</eastBL>
			<northBL Sync="TRUE">46.289081</northBL>
			<southBL Sync="TRUE">41.92002</southBL>
			<exTypeCode Sync="TRUE">1</exTypeCode>
		</geoBox>
		<idCitation>
			<resTitle Sync="TRUE">wmu24poly</resTitle>
			<presForm>
				<PresFormCd Sync="TRUE" value="005"></PresFormCd>
			</presForm>
		</idCitation>
		<spatRpType>
			<SpatRepTypCd Sync="TRUE" value="001"></SpatRepTypCd>
		</spatRpType>
		<dataExt>
			<geoEle>
				<GeoBndBox esriExtentType="native">
					<westBL Sync="TRUE">221928.523622</westBL>
					<northBL Sync="TRUE">1654740.244751</northBL>
					<southBL Sync="TRUE">88600.882546</southBL>
					<eastBL Sync="TRUE">2345049.675197</eastBL>
					<exTypeCode Sync="TRUE">1</exTypeCode>
				</GeoBndBox>
			</geoEle>
		</dataExt>
	</dataIdInfo>
	<distInfo>
		<distributor>
			<distorTran>
				<onLineSrc>
					<orDesc Sync="TRUE">002</orDesc>
					<protocol Sync="TRUE">Local Area Network</protocol>
					<linkage Sync="TRUE">file://\\44736-FISH\C$\GIS_Shapefiles\wmu24poly.shp</linkage>
				</onLineSrc>
				<transSize Sync="TRUE">8.488</transSize>
			</distorTran>
			<distorFormat>
				<formatName Sync="TRUE">Shapefile</formatName>
			</distorFormat>
		</distributor>
	</distInfo>
	<Esri>
		<CreaDate>20080103</CreaDate>
		<ModDate>20100115</ModDate>
		<ModTime>10202700</ModTime>
		<SyncDate>20100115</SyncDate>
		<SyncOnce>FALSE</SyncOnce>
		<SyncTime>10202700</SyncTime>
		<CreaTime>08511100</CreaTime>
		<DataProperties>
			<lineage>
				<Process Name="FeatureClassToFeatureClass_1" ToolSource="C:\Program Files\ArcGIS\ArcToolbox\Toolboxes\Conversion Tools.tbx\FeatureClassToFeatureClass" Date="20070111" Time="144843">FeatureClassToFeatureClass D:\Website_prep\layer_testing.mdb\wildlife_units\wildlife_hunts24k D:\Website_prep\wildlife_mgmt_units.mdb wildlife_mgmt_units # "UNIT_NUM UNIT_NUM true true false 2 Short 0 0 ,First,#,D:\Website_prep\layer_testing.mdb\wildlife_units\wildlife_hunts24k,UNIT_NUM,-1,-1;UNIT_NAME UNIT_NAME true true false 30 Text 0 0 ,First,#,D:\Website_prep\layer_testing.mdb\wildlife_units\wildlife_hunts24k,UNIT_NAME,-1,-1;Shape_Length Shape_Length false true true 8 Double 0 0 ,First,#,D:\Website_prep\layer_testing.mdb\wildlife_units\wildlife_hunts24k,Shape_Length,-1,-1;Shape_Area Shape_Area false true true 8 Double 0 0 ,First,#,D:\Website_prep\layer_testing.mdb\wildlife_units\wildlife_hunts24k,Shape_Area,-1,-1" # D:\Website_prep\wildlife_mgmt_units.mdb\wildlife_mgmt_units</Process>
				<Process Name="FeatureClassToFeatureClass_2" ToolSource="C:\Program Files\ArcGIS\ArcToolbox\Toolboxes\Conversion Tools.tbx\FeatureClassToFeatureClass" Date="20070111" Time="144913">FeatureClassToFeatureClass D:\Website_prep\wildlife_mgmt_units.mdb\wildlife_mgmt_units D:\Website_prep wildlife_mgmt_units.shp # "UNIT_NUM UNIT_NUM true true false 2 Short 0 0 ,First,#,D:\Website_prep\wildlife_mgmt_units.mdb\wildlife_mgmt_units,UNIT_NUM,-1,-1;UNIT_NAME UNIT_NAME true true false 30 Text 0 0 ,First,#,D:\Website_prep\wildlife_mgmt_units.mdb\wildlife_mgmt_units,UNIT_NAME,-1,-1;Shape_Leng Shape_Length false true true 8 Double 0 0 ,First,#,D:\Website_prep\wildlife_mgmt_units.mdb\wildlife_mgmt_units,Shape_Length,-1,-1;Shape_Area Shape_Area false true true 8 Double 0 0 ,First,#,D:\Website_prep\wildlife_mgmt_units.mdb\wildlife_mgmt_units,Shape_Area,-1,-1" # D:\Website_prep\wildlife_mgmt_units.shp</Process>
				<Process Name="FeatureClassToFeatureClass_1" ToolSource="C:\Program Files\ArcGIS\ArcToolbox\Toolboxes\Conversion Tools.tbx\FeatureClassToFeatureClass" Date="20070117" Time="075320">FeatureClassToFeatureClass D:\Website_prep\wildlife_mgmt_units.shp D:\Website_prep\wildlife_mgmt_units.gdb wildlife_mgmt_units # "UNIT_NUM UNIT_NUM true false false 4 Short 0 4 ,First,#,D:\Website_prep\wildlife_mgmt_units.shp,UNIT_NUM,-1,-1;UNIT_NAME UNIT_NAME true false false 30 Text 0 0 ,First,#,D:\Website_prep\wildlife_mgmt_units.shp,UNIT_NAME,-1,-1;Shape_Leng Shape_Leng true false false 19 Double 0 0 ,First,#,D:\Website_prep\wildlife_mgmt_units.shp,Shape_Leng,-1,-1;Shape_Area Shape_Area true false false 19 Double 0 0 ,First,#,D:\Website_prep\wildlife_mgmt_units.shp,Shape_Area,-1,-1" # D:\Website_prep\wildlife_mgmt_units.gdb\wildlife_mgmt_units</Process>
				<Process Name="FeatureClassToFeatureClass_2" ToolSource="C:\Program Files\ArcGIS\ArcToolbox\Toolboxes\Conversion Tools.tbx\FeatureClassToFeatureClass" Date="20070119" Time="095837">FeatureClassToFeatureClass D:\Website_prep\wildlife_mgmt_units.gdb\wildlife_mgmt_units D:\Printed_Maps\map_base_layers.gdb wildlife_mgmt_units # "UNIT_NUM UNIT_NUM true true false 2 Short 0 0 ,First,#,D:\Website_prep\wildlife_mgmt_units.gdb\wildlife_mgmt_units,UNIT_NUM,-1,-1;UNIT_NAME UNIT_NAME true true false 30 Text 0 0 ,First,#,D:\Website_prep\wildlife_mgmt_units.gdb\wildlife_mgmt_units,UNIT_NAME,-1,-1;Shape_Leng Shape_Leng true true false 8 Double 0 0 ,First,#,D:\Website_prep\wildlife_mgmt_units.gdb\wildlife_mgmt_units,Shape_Leng,-1,-1;Shape_Length Shape_Length false true true 8 Double 0 0 ,First,#,D:\Website_prep\wildlife_mgmt_units.gdb\wildlife_mgmt_units,Shape_Length,-1,-1;Shape_Area Shape_Area false true true 8 Double 0 0 ,First,#,D:\Website_prep\wildlife_mgmt_units.gdb\wildlife_mgmt_units,Shape_Area,-1,-1" # D:\Printed_Maps\map_base_layers.gdb\wildlife_mgmt_units</Process>
				<Process Name="FeatureClassToFeatureClass_2" ToolSource="C:\Program Files\ArcGIS\ArcToolbox\Toolboxes\Conversion Tools.tbx\FeatureClassToFeatureClass" Date="20080103" Time="084146">FeatureClassToFeatureClass D:\Printed_Maps\big_game_regs\big_game_regs.gdb\wildlife_mgmt_units D:\map_base_layers.gdb wildlife_mgmt_units # "UNIT_NUM UNIT_NUM true true false 2 Short 0 0 ,First,#,D:\Printed_Maps\big_game_regs\big_game_regs.gdb\wildlife_mgmt_units,UNIT_NUM,-1,-1;UNIT_NAME UNIT_NAME true true false 30 Text 0 0 ,First,#,D:\Printed_Maps\big_game_regs\big_game_regs.gdb\wildlife_mgmt_units,UNIT_NAME,-1,-1;Acres Acres true true false 8 Double 0 0 ,First,#,D:\Printed_Maps\big_game_regs\big_game_regs.gdb\wildlife_mgmt_units,Acres,-1,-1;Shape_Length Shape_Length false true true 8 Double 0 0 ,First,#,D:\Printed_Maps\big_game_regs\big_game_regs.gdb\wildlife_mgmt_units,Shape_Length,-1,-1;Shape_Area Shape_Area false true true 8 Double 0 0 ,First,#,D:\Printed_Maps\big_game_regs\big_game_regs.gdb\wildlife_mgmt_units,Shape_Area,-1,-1;REGION REGION true true false 20 Text 0 0 ,First,#,D:\Printed_Maps\big_game_regs\big_game_regs.gdb\wildlife_mgmt_units,REGION,-1,-1" # D:\map_base_layers.gdb\wildlife_mgmt_units</Process>
				<Process Name="FeatureClassToFeatureClass_3" ToolSource="C:\Program Files\ArcGIS\ArcToolbox\Toolboxes\Conversion Tools.tbx\FeatureClassToFeatureClass" Date="20080103" Time="084521">FeatureClassToFeatureClass D:\map_base_layers.gdb\wildlife_mgmt_units "H:\My Documents\WMU_archive" wildlife_mgmt_units2008.shp # "UNIT_NUM UNIT_NUM true true false 2 Short 0 0 ,First,#,D:\map_base_layers.gdb\wildlife_mgmt_units,UNIT_NUM,-1,-1;UNIT_NAME UNIT_NAME true true false 30 Text 0 0 ,First,#,D:\map_base_layers.gdb\wildlife_mgmt_units,UNIT_NAME,-1,-1;Acres Acres true true false 8 Double 0 0 ,First,#,D:\map_base_layers.gdb\wildlife_mgmt_units,Acres,-1,-1;REGION REGION true true false 20 Text 0 0 ,First,#,D:\map_base_layers.gdb\wildlife_mgmt_units,REGION,-1,-1;Shape_Leng Shape_Length false true true 8 Double 0 0 ,First,#,D:\map_base_layers.gdb\wildlife_mgmt_units,Shape_Length,-1,-1;Shape_Area Shape_Area false true true 8 Double 0 0 ,First,#,D:\map_base_layers.gdb\wildlife_mgmt_units,Shape_Area,-1,-1" # "H:\My Documents\WMU_archive\wildlife_mgmt_units2008.shp"</Process>
				<Process ToolSource="C:\Program Files\ArcGIS\ArcToolbox\Toolboxes\Data Management Tools.tbx\CopyFeatures" Date="20081010" Time="162425">CopyFeatures D:\map_base_layers.gdb\wmu24poly D:\odfw_datasets.gdb\wmu24poly # 1 0 0</Process><Process ToolSource="C:\Program Files\ArcGIS\ArcToolbox\Toolboxes\Data Management Tools.tbx\CopyFeatures" Date="20090210" Time="112324">CopyFeatures D:\odfw_datasets.gdb\wmu24poly D:\map_base_layers.gdb\wmu24poly # 1 0 0</Process><Process ToolSource="C:\Program Files\ArcGIS\ArcToolbox\Toolboxes\Conversion Tools.tbx\FeatureClassToFeatureClass" Date="20100115" Time="101912">FeatureClassToFeatureClass D:\map_base_layers.gdb\wmu24poly C:\GIS_Shapefiles wmu24poly2010.shp # "UNIT_NUM 'UNIT_NUM' true true false 2 Short 0 0 ,First,#,D:\map_base_layers.gdb\wmu24poly,UNIT_NUM,-1,-1;UNIT_NAME 'UNIT_NAME' true true false 30 Text 0 0 ,First,#,D:\map_base_layers.gdb\wmu24poly,UNIT_NAME,-1,-1;Acres 'Acres' true true false 8 Double 0 0 ,First,#,D:\map_base_layers.gdb\wmu24poly,Acres,-1,-1;REGION 'REGION' true true false 20 Text 0 0 ,First,#,D:\map_base_layers.gdb\wmu24poly,REGION,-1,-1;Shape_Leng 'Shape_Length' false true true 8 Double 0 0 ,First,#,D:\map_base_layers.gdb\wmu24poly,Shape_Length,-1,-1;Shape_Area 'Shape_Area' false true true 8 Double 0 0 ,First,#,D:\map_base_layers.gdb\wmu24poly,Shape_Area,-1,-1" # C:\GIS_Shapefiles\wmu24poly2010.shp</Process></lineage>
		</DataProperties>
		<MetaID>{94F5878B-4103-491E-9D11-1D0A9C3A28B1}</MetaID></Esri>
	<mdChar>
		<CharSetCd Sync="TRUE" value="004"></CharSetCd>
	</mdChar>
	<mdDateSt Sync="TRUE">20100115</mdDateSt>
	<mdHrLv>
		<ScopeCd Sync="TRUE" value="005"></ScopeCd>
	</mdHrLv>
	<mdHrLvName Sync="TRUE">dataset</mdHrLvName>
	<mdLang>
		<languageCode Sync="TRUE" value="en"></languageCode>
	</mdLang>
	<mdStanName Sync="TRUE">ISO 19115 Geographic Information - Metadata</mdStanName>
	<mdStanVer Sync="TRUE">DIS_ESRI1.0</mdStanVer>
	<refSysInfo>
		<RefSystem>
			<refSysID>
				<identCode Sync="TRUE">Custom</identCode>
			</refSysID>
		</RefSystem>
	</refSysInfo>
	<spatRepInfo>
		<VectSpatRep>
			<topLvl>
				<TopoLevCd Sync="TRUE" value="001"></TopoLevCd>
			</topLvl>
			<geometObjs Name="wmu24poly"><geoObjTyp><GeoObjTypCd Sync="TRUE" value="001"></GeoObjTypCd></geoObjTyp><geoObjCnt Sync="TRUE">69</geoObjCnt></geometObjs></VectSpatRep>
	</spatRepInfo>
</metadata>
